Workbook

Sheet Dashboard & Resumen
B2: PLAN DE TRABAJO Y DOCUMENTACIÓN DE BOTS (AS-IS vs. TO-BE)
B3: Resumen Ejecutivo de Proyectos de Automatización y Medición de Impacto
B5: TOTAL PROCESOS / ETAPAS | E5: TIEMPO MANUAL ACTUAL (HORAS/MES) | H5: TIEMPO FUTURO BOT (HORAS/MES) | K5: AHORRO TOTAL ESTIMADO | N5: % REDUCCIÓN DE TIEMPO GLOBAL
B6: =COUNTA('Matriz As-Is vs To-Be'!A3:A100) | E6: =SUM('Matriz As-Is vs To-Be'!I3:I100) | H6: =SUM('Matriz As-Is vs To-Be'!N3:N100) | K6: =SUM('Matriz As-Is vs To-Be'!O3:O100) | N6: =AVERAGE('Matriz As-Is vs To-Be'!P3:P100)
B10: RESUMEN DE PROYECTOS Y ESTADO DE AUTOMATIZACIÓN
B12: ID Bot | C12: Nombre del Proyecto / Bot | D12: Fase Actual | E12: Fecha Inicio | F12: Fecha Fin | G12: Horas Actuales (As-Is) | H12: Horas Bot (To-Be) | I12: Ahorro Horas/Mes | J12: % Eficiencia
B13: BOT-001 | C13: Automatización de Conciliación e Ingesta de Facturas | D13: =VLOOKUP(B13, 'Matriz As-Is vs To-Be'!A3:C100, 3, FALSE) | E13: 2026-10-01 | F13: 2026-10-24 | G13: =SUMIF('Matriz As-Is vs To-Be'!A3:A100, B13, 'Matriz As-Is vs To-Be'!I3:I100) | H13: =SUMIF('Matriz As-Is vs To-Be'!A3:A100, B13, 'Matriz As-Is vs To-Be'!N3:N100) | I13: =G13-H13 | J13: =I13/G13
B14: BOT-002 | C14: Bot de Generación y Envío de Reportes Semanales | D14: =VLOOKUP(B14, 'Matriz As-Is vs To-Be'!A3:C100, 3, FALSE) | E14: 2026-09-15 | F14: 2026-10-10 | G14: =SUMIF('Matriz As-Is vs To-Be'!A3:A100, B14, 'Matriz As-Is vs To-Be'!I3:I100) | H14: =SUMIF('Matriz As-Is vs To-Be'!A3:A100, B14, 'Matriz As-Is vs To-Be'!N3:N100) | I14: =G14-H14 | J14: =I14/G14
B15: BOT-003 | C15: Automatización de Descarga de Informes Académicos - Q10 | D15: =VLOOKUP(B15, 'Matriz As-Is vs To-Be'!A3:C100, 3, FALSE) | E15: 2026-09-16 | F15: 2026-10-17 | G15: =SUMIF('Matriz As-Is vs To-Be'!A3:A100, B15, 'Matriz As-Is vs To-Be'!I3:I100) | H15: =SUMIF('Matriz As-Is vs To-Be'!A3:A100, B15, 'Matriz As-Is vs To-Be'!N3:N100) | I15: =G15-H15 | J15: =I15/G15
B16: BOT-004 | C16: Automatización de Reportes de Progreso - Oxford English Hub | D16: =VLOOKUP(B16, 'Matriz As-Is vs To-Be'!A3:C100, 3, FALSE) | E16: 2026-09-16 | F16: 2026-10-17 | G16: =SUMIF('Matriz As-Is vs To-Be'!A3:A100, B16, 'Matriz As-Is vs To-Be'!I3:I100) | H16: =SUMIF('Matriz As-Is vs To-Be'!A3:A100, B16, 'Matriz As-Is vs To-Be'!N3:N100) | I16: =G16-H16 | J16: =I16/G16
B17: BOT-005 | C17: Automatización de Reportes de Progreso - Macmillan Education Everywhere | D17: =VLOOKUP(B17, 'Matriz As-Is vs To-Be'!A3:C100, 3, FALSE) | E17: 2026-09-16 | F17: 2026-10-17 | G17: =SUMIF('Matriz As-Is vs To-Be'!A3:A100, B17, 'Matriz As-Is vs To-Be'!I3:I100) | H17: =SUMIF('Matriz As-Is vs To-Be'!A3:A100, B17, 'Matriz As-Is vs To-Be'!N3:N100) | I17: =G17-H17 | J17: =I17/G17
B18: TOTAL GENERAL | G18: =SUM(G13:G17) | H18: =SUM(H13:H17) | I18: =SUM(I13:I17) | J18: =I18/G18

Sheet Matriz As-Is vs To-Be
A1: INFORMACIÓN GENERAL DEL PROYECTO | G1: ESTADO ACTUAL (AS-IS - MANUAL) | K1: ESTADO FUTURO (TO-BE - AUTOMATIZADO)
A2: ID Bot | B2: Nombre del Proyecto / Bot | C2: Fase Actual | D2: Fecha Inicio | E2: Fecha Fin | F2: Etapa / Paso del Proceso | G2: Descripción Paso a Paso (Manual) | H2: Herramientas / Sistemas Usados | I2: Tiempo Dedicado (Horas/Mes) | J2: Puntos de Dolor / Riesgo de Error | K2: Lógica de Automatización / Función Bot | L2: Herramientas / Tecnología Bot | M2: Tiempo Estimado Post-Bot (Min/Mes) | N2: Tiempo Post-Bot (Horas/Mes) | O2: Ahorro Estimado (Horas/Mes) | P2: % Ahorro Tiempo | Q2: Beneficio u Objetivo Clave
A3: BOT-001 | B3: Automatización de Conciliación e Ingesta de Facturas | C3: Desarrollo | D3: 2026-10-01 | E3: 2026-10-24 | F3: 1. Extracción y Descarga de Adjuntos | G3: El analista abre Outlook diariamente, busca correos de proveedores con asunto 'Factura', descarga adjuntos PDF/XML a carpeta local. | H3: Outlook, Explorador de Archivos | I3: 12 | J3: Correos no leídos por alto volumen, demoras en el flujo inicial, descarga de archivos duplicados. | K3: Webhook / Polling automático que detecta correos con facturas, valida estructura y guarda adjuntos en repositorio Cloud categorizado. | L3: Python, n8n, Google Drive API | M3: 5 | N3: =M3/60 | O3: =I3-N3 | P3: =(I3-N3)/I3 | Q3: Procesamiento continuo 24/7 sin intervención manual.
A4: BOT-001 | B4: Automatización de Conciliación e Ingesta de Facturas | C4: Desarrollo | D4: 2026-10-01 | E4: 2026-10-24 | F4: 2. Lectura y Estructuración de Datos | G4: Transcripción manual de montos, NIT/RUT, fechas y número de factura desde PDF a plantilla de Excel. | H4: PDF Reader, Excel | I4: 28 | J4: Alto riesgo de error de digitación en valores y dígitos de verificación; fatiga visual. | K4: Extracción de datos mediante OCR / Parseo XML, validación de consistencia matemática y estructura de impuestos. | L4: Python (pdfplumber / OpenAI API) | M4: 10 | N4: =M4/60 | O4: =I4-N4 | P4: =(I4-N4)/I4 | Q4: Cero errores de digitación y estandarización inmediata.
A5: BOT-001 | B5: Automatización de Conciliación e Ingesta de Facturas | C5: Desarrollo | D5: 2026-10-01 | E5: 2026-10-24 | F5: 3. Carga en ERP / Base de Datos | G5: Importación manual de archivo Excel consolidado al ERP y envío de correo de confirmación al área contable. | H5: ERP Contable, Excel, Gmail | I5: 10 | J5: Cuello de botella a fin de mes; retraso en pagos a proveedores por aprobaciones tardías. | K5: Script de integración que inserta datos directamente en la BD/ERP vía API y notifica resumen en Slack/Gmail. | L5: Python (SQLAlchemy), Google Apps Script | M5: 5 | N5: =M5/60 | O5: =I5-N5 | P5: =(I5-N5)/I5 | Q5: Reducción del ciclo total de conciliación en más del 95%.
A6: BOT-002 | B6: Bot de Generación y Envío de Reportes Semanales | C6: Pruebas/QA | D6: 2026-09-15 | E6: 2026-10-10 | F6: 1. Consolidación de Fuentes de Datos | G6: Descarga manual de reportes CSV de 3 plataformas distintas y consolidación en una sola hoja. | H6: Excel, Portales Web | I6: 15 | J6: Formatos desalineados, pérdida de tiempo en limpieza recurrente de datos. | K6: Script de Scraping / API que consolida automáticamente las 3 fuentes en un modelo de datos unificado. | L6: Python (Pandas), Playwright | M6: 10 | N6: =M6/60 | O6: =I6-N6 | P6: =(I6-N6)/I6 | Q6: Consolidación automática y sin discrepancias.
A7: BOT-002 | B7: Bot de Generación y Envío de Reportes Semanales | C7: Pruebas/QA | D7: 2026-09-15 | E7: 2026-10-10 | F7: 2. Distribución de Indicadores por Correo | G7: Filtro por cada líder de área, generación de PDF individual y redacción de correos manuales. | H7: Excel, Outlook | I7: 8 | J7: Riesgo de enviar información confidencial al destinatario incorrecto. | K7: Bot envía reportes personalizados automáticamente según matriz de distribución y roles. | L7: Power Automate, Python | M7: 5 | N7: =M7/60 | O7: =I7-N7 | P7: =(I7-N7)/I7 | Q7: Distribución segura y personalizada en segundos.
A8: BOT-003 | B8: Automatización de Descarga de Informes Académicos - Q10 | C8: Desarrollo | D8: 2026-09-16 | E8: 2026-10-17 | F8: 1. Inicio de Sesión y Acceso al Módulo de Informes | G8: El analista abre Q10, ingresa usuario y contraseña, resuelve la verificación de seguridad (captcha) cuando aparece, selecciona el rol de acceso y navega manualmente hasta el módulo de Informes. | H8: Q10 (navegador web) | I8: 3 | J8: Verificación de seguridad (captcha) interrumpe el flujo; seleccionar el rol incorrecto obliga a reiniciar sesión; tiempo perdido en la navegación repetitiva al módulo. | K8: El bot abre Q10, ingresa credenciales, pausa automáticamente solo si aparece el captcha (para resolución humana puntual), selecciona el rol configurado y navega directo al módulo de Informes. | L8: Python, Playwright | M8: 5 | N8: =M8/60 | O8: =I8-N8 | P8: =(I8-N8)/I8 | Q8: Acceso estandarizado y sin errores de navegación; intervención humana solo cuando es estrictamente necesaria (captcha).
A9: BOT-003 | B9: Automatización de Descarga de Informes Académicos - Q10 | C9: Desarrollo | D9: 2026-09-16 | E9: 2026-10-17 | F9: 2. Configuración y Llenado de Filtros por Informe | G9: Para cada informe (Sede, Programa, Periodo, Curso, etc.), el analista abre el informe, llena manualmente los filtros en cascada —que dependen unos de otros— y repite el proceso para cada combinación de valores cuando se requieren varias sedes o programas. | H9: Q10, Excel (control de lo ya exportado) | I9: 15 | J9: Filtros en cascada que tardan en cargar; alto riesgo de omitir o repetir una combinación; proceso muy repetitivo con múltiples sedes/programas/periodos. | K9: El bot llena los filtros en el orden configurado, detecta automáticamente cuando un filtro pide 'Todos' y genera un reporte por cada valor disponible, validando que cada opción exista antes de continuar. | L9: Python, Playwright | M9: 15 | N9: =M9/60 | O9: =I9-N9 | P9: =(I9-N9)/I9 | Q9: Cobertura completa y consistente de todas las combinaciones de filtros, sin intervención manual.
A10: BOT-003 | B10: Automatización de Descarga de Informes Académicos - Q10 | C10: Desarrollo | D10: 2026-09-16 | E10: 2026-10-17 | F10: 3. Exportación, Descarga y Organización de Archivos | G10: El analista da clic en Exportar para cada informe/combinación, espera la descarga, y organiza y renombra manualmente los archivos en carpetas por informe y fecha. | H10: Q10, Explorador de Archivos | I10: 6 | J10: Riesgo de sobrescribir archivos con nombres iguales; falta de trazabilidad de qué se descargó y cuándo; tiempo invertido en organizar manualmente las carpetas. | K10: El bot descarga cada archivo y lo guarda automáticamente en una carpeta por sistema, con fecha y hora en el nombre para evitar sobrescrituras, dejando trazabilidad completa. | L10: Python, Playwright | M10: 10 | N10: =M10/60 | O10: =I10-N10 | P10: =(I10-N10)/I10 | Q10: Archivos organizados y trazables automáticamente, sin riesgo de pérdida o sobrescritura.
A11: BOT-004 | B11: Automatización de Reportes de Progreso - Oxford English Hub | C11: Desarrollo | D11: 2026-09-16 | E11: 2026-10-17 | F11: 1. Inicio de Sesión y Navegación a la Organización/Curso | G11: El analista inicia sesión en Oxford English Hub, abre el menú de la cuenta, busca la organización en la ventana de convenios ('+ X more'), la selecciona por ID y navega hasta 'My Organization' > 'Classes'. | H11: Oxford English Hub (navegador web) | I11: 2 | J11: Navegación por varios menús anidados; riesgo de seleccionar la organización o el ID incorrecto entre convenios con nombres parecidos. | K11: El bot inicia sesión, abre el menú de cuenta, busca la organización por el ID exacto configurado y navega directo hasta la lista de clases. | L11: Python, Playwright | M11: 5 | N11: =M11/60 | O11: =I11-N11 | P11: =(I11-N11)/I11 | Q11: Acceso directo y sin errores de selección al curso/organización correcta.
A12: BOT-004 | B12: Automatización de Reportes de Progreso - Oxford English Hub | C12: Desarrollo | D12: 2026-09-16 | E12: 2026-10-17 | F12: 2. Configuración de Progress Settings por Clase | G12: Para cada clase, el analista la abre, entra a Progress, selecciona el curso con porcentaje de avance, abre la ventana 'Progress settings' y configura manualmente Scores, 'Show figures as' y 'Show scores for' para estandarizar el reporte. | H12: Oxford English Hub | I12: 12 | J12: Proceso muy repetitivo cuando hay muchas clases; alto riesgo de dejar configuraciones inconsistentes entre clases, lo que afecta la comparabilidad de los reportes. | K12: El bot abre cada clase configurada, identifica el curso con avance y aplica siempre los mismos parámetros de Progress settings definidos en la configuración, garantizando reportes comparables entre clases. | L12: Python, Playwright | M12: 15 | N12: =M12/60 | O12: =I12-N12 | P12: =(I12-N12)/I12 | Q12: Estandarización total de los reportes entre todas las clases, sin variaciones por error humano.
A13: BOT-004 | B13: Automatización de Reportes de Progreso - Oxford English Hub | C13: Desarrollo | D13: 2026-09-16 | E13: 2026-10-17 | F13: 3. Descarga del Reporte CSV por Clase | G13: El analista da clic en 'Download CSV' en cada clase, espera la descarga y organiza manualmente los archivos por clase. | H13: Oxford English Hub, Explorador de Archivos | I13: 4 | J13: Tiempo invertido en repetir la descarga clase por clase; riesgo de omitir alguna clase cuando hay muchas. | K13: El bot descarga el CSV de cada clase automáticamente y lo guarda organizado por sistema y clase, con fecha y hora en el nombre. | L13: Python, Playwright | M13: 5 | N13: =M13/60 | O13: =I13-N13 | P13: =(I13-N13)/I13 | Q13: Descarga completa y ordenada de todas las clases, sin omisiones.
A14: BOT-005 | B14: Automatización de Reportes de Progreso - Macmillan Education Everywhere | C14: Desarrollo | D14: 2026-09-16 | E14: 2026-10-17 | F14: 1. Inicio de Sesión y Navegación al Libro/Nivel/Recurso | G14: El analista inicia sesión en Macmillan Education Everywhere, abre cada libro en 'Mi Estantería', selecciona el nivel (pestaña) correspondiente, entra al recurso 'Macmillan Education Everywhere App' y da clic en 'View' para abrir el contenido en el navegador, cerrando los avisos de cookies y de sesión que aparecen en el camino. | H14: Macmillan Education Everywhere (navegador web) | I14: 4 | J14: Navegación profunda a través de varias pantallas y hasta dos dominios distintos; avisos de cookies y de sesión ('Keep me logged in') interrumpen el flujo en cada libro. | K14: El bot inicia sesión, abre cada libro y nivel configurado, entra al recurso y cierra automáticamente los avisos de cookies y de sesión que aparecen en el camino. | L14: Python, Playwright | M14: 8 | N14: =M14/60 | O14: =I14-N14 | P14: =(I14-N14)/I14 | Q14: Navegación completa y sin interrupciones a través de todos los libros y niveles configurados.
... A16: BOT-005 | B16: Automatización de Reportes de Progreso - Macmillan Education Everywhere | C16: Desarrollo | D16: 2026-09-16 | E16: 2026-10-17 | F16: 3. Exportación del Reporte CSV por Clase | G16: Por cada clase (que pueden ser decenas repartidas en varias páginas), el analista abre el detalle, da clic en 'Export', espera la descarga y vuelve al listado para continuar con la siguiente. | H16: Macmillan Education Everywhere, Explorador de Archivos | I16: 20 | J16: Es el paso más repetitivo de los tres sistemas: alto consumo de tiempo cuando hay muchas clases; riesgo de omitir clases o exportar duplicados; retroceder entre páginas para ubicar la siguiente clase es lento. | K16: El bot recorre automáticamente cada clase en cada página, exporta el CSV, lo guarda organizado por curso y clase, y al final reporta si alguna clase configurada no se encontró en ninguna página. | L16: Python, Playwright | M16: 20 | N16: =M16/60 | O16: =I16-N16 | P16: =(I16-N16)/I16 | Q16: Exportación completa, trazable y sin omisiones, incluso con decenas de clases repartidas en varias páginas.
